{
  "type": "cuboid",
  "params": {
    "center": [
      20.04438712449655,
      24.994659205568357,
      15.007407685964354
    ],
    "R": [
      [
        -0.006733989781607438,
        -0.9999718675837148,
        0.003304152351058076
      ],
      [
        0.99996211746676,
        -0.0067156268399289915,
        0.005537507340033877
      ],
      [
        -0.0055151621023602215,
        0.0033413166992400933,
        0.9999792090787187
      ]
    ],
    "extents": [
      50.36416071383183,
      40.49731626576084,
      30.383720260541537
    ]
  },
  "fit": {
    "forced": true
  }
}