{
  "type": "box",
  "params": {
    "center": [
      19.994491366522702,
      25.112575934936796,
      14.981923274205634
    ],
    "R": [
      [
        0.0002554749384107276,
        0.9999996662406544,
        0.0007760484106437149
      ],
      [
        0.9999963326129525,
        -0.00025338155120942056,
        -0.0026963973066471414
      ],
      [
        -0.002696199770349233,
        0.0007767344265098286,
        -0.999996063587467
      ]
    ],
    "extents": [
      50.0333164176962,
      40.09299638366048,
      30.146059522084776
    ]
  },
  "fit": {
    "score": 0.002878671090969424
  }
}