{
  "type": "cuboid",
  "params": {
    "center": [
      20.042941732010355,
      24.967787117651454,
      14.974375325328724
    ],
    "R": [
      [
        0.0017332391975042798,
        -0.9999984884836159,
        -0.00013752224772267674
      ],
      [
        -0.9999971763193548,
        -0.0017330133056801876,
        -0.0016260437262133043
      ],
      [
        0.0016258029405364402,
        0.00014034018212705224,
        -0.9999986685338296
      ]
    ],
    "extents": [
      50.07307555209877,
      40.13395175190708,
      30.0717617454998
    ]
  },
  "fit": {
    "forced": true
  }
}