{
  "type": "cylinder",
  "params": {
    "center": [
      30.053278041067184,
      29.999254217892133,
      30.080848259502716
    ],
    "axis": [
      0.006763446313741558,
      0.9999657432759977,
      0.004771589718584489
    ],
    "radius": 29.89631430327956,
    "height": 60.49368486343015
  },
  "fit": {
    "forced": true
  }
}