{
  "type": "box",
  "params": {
    "center": [
      29.90038318843504,
      29.989158308264628,
      29.999571147404975
    ],
    "R": [
      [
        -0.00016112909208736625,
        0.9999932952200481,
        -0.0036583537779663056
      ],
      [
        -0.4019651146237132,
        0.003285022057549991,
        0.9156490895837911
      ],
      [
        0.9156549681309877,
        0.0016180683021694287,
        0.4019618902234498
      ]
    ],
    "extents": [
      60.21899944572846,
      60.16080045024043,
      60.060068889371195
    ]
  },
  "fit": {
    "score": 0.05390611466518959
  }
}