{
  "type": "cylinder",
  "params": {
    "center": [
      30.00376214808514,
      29.99985802839184,
      30.023816504691407
    ],
    "axis": [
      0.007646808221280833,
      0.9999644190658417,
      0.0035618711853192546
    ],
    "radius": 29.902608707429998,
    "height": 60.5029208573918
  },
  "fit": {
    "score": 0.09456093252099797,
    "all": {
      "sphere": 0.09589917694397009,
      "cylinder": 0.09456093252099797,
      "box": 0.6239729606326556
    }
  }
}