{
  "type": "sphere",
  "params": {
    "center": [
      29.99994212666132,
      30.000105614239033,
      30.00004467824212
    ],
    "radius": 29.972696656983196
  },
  "fit": {
    "score": 0.00027864558441189003
  }
}