{
  "type": "sphere",
  "params": {
    "center": [
      30.000000737451156,
      30.00003405181487,
      30.00001576994586
    ],
    "radius": 29.972693144972624
  },
  "fit": {
    "score": 0.00027856558944085316
  }
}